[
  {
    "baseType": 3,
    "name": "Alerting Rule",
    "defaultValue": "",
    "description": "A description of the pgDash alerting rule that fired, example \"Database Size greater than 1 GiB\"",
    "helpText": "A description of the pgDash alerting rule that fired, example \"Database Size greater than 1 GiB\"",
    "isSystem": false,
    "minLength": 0,
    "maxLength": 2000,
    "validationRegex": "",
    "isValidate": false
  },
  {
    "baseType": 3,
    "name": "Changes",
    "defaultValue": "",
    "description": "For pgDash Change Alerts, this contains a text with all changes.",
    "helpText": "For pgDash Change Alerts, this contains a text with all changes.",
    "isSystem": false,
    "minLength": 0,
    "maxLength": 10000,
    "validationRegex": "",
    "isValidate": false
  },
  {
    "baseType": 3,
    "name": "Current Value",
    "defaultValue": "",
    "description": "The current value that caused the rule to fire, example \"1.12 GiB\"",
    "helpText": "The current value that caused the rule to fire, example \"1.12 GiB\"",
    "isSystem": false,
    "minLength": 0,
    "maxLength": 100,
    "validationRegex": "",
    "isValidate": false
  },
  {
    "baseType": 3,
    "name": "Object Link",
    "defaultValue": "",
    "description": "Link to a pgDash page where more information about the object or alert can be found",
    "helpText": "Link to a pgDash page where more information about the object or alert can be found",
    "isSystem": false,
    "minLength": 0,
    "maxLength": 300,
    "validationRegex": "",
    "isValidate": false
  },
  {
    "baseType": 3,
    "name": "Object Name",
    "defaultValue": "",
    "description": "The name of the object that is causing the alert, example \"mydb\"",
    "helpText": "The name of the object that is causing the alert, example \"mydb\"",
    "isSystem": false,
    "minLength": 0,
    "maxLength": 200,
    "validationRegex": "",
    "isValidate": false
  },
  {
    "baseType": 3,
    "name": "Server",
    "defaultValue": "",
    "description": "The name of the server as displayed in pgDash",
    "helpText": "The name of the server as displayed in pgDash",
    "isSystem": false,
    "minLength": 0,
    "maxLength": 100,
    "validationRegex": "",
    "isValidate": false
  },
  {
    "baseType": 21,
    "name": "Severity",
    "description": "\"Warning\" or \"Critical\"",
    "helpText": "\"Warning\" or \"Critical\"",
    "isSystem": false,
    "values": [
      {
        "value": "Critical",
        "isDefault": true,
        "isVisible": true
      },
      {
        "value": "Warning",
        "isDefault": false,
        "isVisible": true
      }
    ]
  },
  {
    "baseType": 3,
    "name": "SQL Query",
    "defaultValue": "",
    "description": "For rules related to SQL queries, this property will contain the full SQL query text",
    "helpText": "For rules related to SQL queries, this property will contain the full SQL query text",
    "isSystem": false,
    "minLength": 0,
    "maxLength": 10000,
    "validationRegex": "",
    "isValidate": false
  }
]